{"input_nodes":4,"hidden_nodes":4,"output_nodes":1,"weights_ih":{"rows":4,"cols":4,"data":[[-0.6751924624604939,0.5072495385239586,0.08680177178303057,-0.6677375384139527],[0.9510301602303708,0.8632972102233332,0.7478190173789593,0.41791478980468066],[-0.16799777117782805,0.07055342185951094,0.27801546771385843,0.3427233878325352],[0.5684445069776138,0.5078811891710535,-0.34680110864423763,0.443017682891874]]},"weights_ho":{"rows":1,"cols":4,"data":[[0.4079649702436393,-0.14523660778886,0.06747800925981833,0.7415926764187941]]},"bias_h":{"rows":4,"cols":1,"data":[[-0.3266952019616062],[0.8169963410171226],[-0.5297329759091234],[-1.0303223445910836]]},"bias_o":{"rows":1,"cols":1,"data":[[-0.6278478967950515]]},"learning_rate":0.1,"activation_function":{}}